filename,product_name,price_default,price_card,price_discount,barcode,discount_amount,id_sku,print_datetime,code,additional_info,color,special_symbols,frame_timestamp,x_min,y_min,x_max,y_max,qr_code_barcode,price1_qr,price2_qr,price3_qr,price4_qr,wholesale_level_1_count,wholesale_level_1_price,wholesale_level_2_count,wholesale_level_2_price,action_price_qr,action_code_qr
25_12-20.mp4,"Напиток безалкогольный SANTO STEFANO Rosso (Россия) 0, 25L",252.63,129.99,нет,4670025474665,-48%,270207736530,03.04.2026 3:08,нет,нет,red,нет,0,2063.1,1929.8,2296.6,2126.1,4670025474665,252.63,239.99,,129.99,нет,,нет,,нет,нет
25_12-20.mp4,"Напиток безалкогольный SANTO STEFANO Bianco (Россия) 0, 25L",252.63,129.99,нет,4670025474658,-48%,270207736529,03.04.2026 3:08,нет,нет,red,нет,0,2098.8,1428.5,2348.7,1663.4,4670025474658,252.63,239.99,,129.99,нет,,нет,,нет,нет
25_12-20.mp4,"Напиток безалкогольный ABRAU LIGHT Аромат. с/газ. (Россия) 0, 25L",144.99,129.99,нет,4680140271438,-10%,270207716055,04.04.2026 1:09,нет,нет,red,нет,0,2125.1,979.1,2374.1,1258.3,4680140271438,144.99,137.79,,129.99,нет,,нет,,нет,нет
25_12-20.mp4,"Напиток безалкогольный ABRAU LIGHT Аромат. розовый с/газ. (Россия) 0, 25L",144.99,129.99,нет,4680140271469,-10%,270207716056,04.04.2026 1:09,024 017_1_6_2,3 по цене 2 от цены без карты,red,Ш,0,2148.0,419.0,2412.5,957.2,нет,,,,,нет,,нет,,нет,нет
25_12-20.mp4,"Напиток безалкогольный ABRAU LIGHT Zero ароматиз. сильногазир. (Россия) 0, 75L",547.36,259.99,нет,4630027300508,-52%,270207659437,17.03.2026 13:27,нет,Полусладкое,red,нет,5745,2061.3,1896.0,2296.9,2101.5,4630027300508,547.36,519.99,,259.99,нет,,нет,,нет,нет
25_12-20.mp4,"Вино безалкогольное MAYBACH роз. п/сух. (Германия) 0, 75L",1263.15,769.99,нет,4062073002325,-39%,270122736635,03.04.2026 3:08,нет,Полусухое,red,нет,0,657.7,1779.6,868.9,1969.5,4062073002325,1263.15,1199.99,,769.99,нет,,нет,,нет,нет
25_12-20.mp4,"Вино безалкогольное MAYBACH бел. п/сух. (Германия) 0, 75L",1263.15,799.99,нет,4062073002301,-36%,270122736634,нет,нет,Полусухое,red,нет,0,593.9,1330.8,804.3,1553.7,4062073002301,1263.15,1199.99,,799.99,нет,,нет,,нет,нет
25_12-20.mp4,"Вино безалкогольное MUCHO MAS бел. п/сух. (Испания)  0, 75L",1068.42,,нет,нет,нет,нет,нет,нет,"Полусухое, Упс! Товар закончился. Уже везём!",red,нет,0,581.4,1009.6,805.1,1301.5,8410702062633,1068.42,1014.99,,799.99,нет,,нет,,нет,нет
25_12-20.mp4,"Вино безалкогольное CARL JUNG Cuvee red кр. (Германия) 0, 75L",1684.2,1199.99,нет,4009427051042,-28%,270122866241,27.01.2026 14:00,нет,нет,red,нет,0,570.4,738.3,763.3,979.5,4009427051042,1684.2,1599.99,,1199.99,нет,,нет,,нет,нет
25_12-20.mp4,"Вино безалкогольное LE PETIT BERET Sauvignon (Франция) 0, 75L",1368.42,699.99,нет,3760251404725,-48%,270122724887,20.03.2026,нет,Сухое,red,нет,0,586.1,184.2,804.3,423.6,3760251404725,1368.42,1299.99,,699.99,нет,,нет,,нет,нет
25_12-20.mp4,"Вино безалкогольное E ENJOY ЭнджОй ит Шардоне бел. п/ сл. (Германия) 0, 75L",894.73,849.99,нет,4003301082771,нет,270122881719,25.02.2026 10:53,нет,нет,yellow,нет,7168,2071.2,1851.3,2301.5,2057.0,4003301082771,894.73,849.99,,,2,805.26,3,760.52,нет,нет
25_12-20.mp4,"Вино безалкогольное DOPPIO PASSIO Альтернатива Россо кр. (Италия) 0, 75L",1684.2,1299.99,нет,4660115480232,-22%,270122774356,20.02.2026 12:09,нет,нет,red,нет,7168,2100.4,1282.8,2339.9,1545.1,4660115480232,1684.2,1599.99,,1299.99,нет,,нет,,нет,нет
25_12-20.mp4,"Вино безалкогольное DOPPIO PASSIO Альтернатива Бьянко бел. (Италия) 0, 75L",1684.2,1299.99,нет,4014741125829,-22%,270122774357,нет,нет,нет,red,нет,7168,2116.0,601.8,2366.4,886.1,4014741125829,1684.2,1599.99,,1299.99,нет,,нет,,нет,нет
25_12-20.mp4,"Вино безалкогольное CARL JUNG Cuvee white бел. (Германия) 0, 75L",1684.2,999.99,нет,4009427021045,-40%,270122868240,03.04.2026 3:06,нет,нет,red,нет,7168,2117.8,78.9,2367.4,340.3,4009427021045,1684.2,1599.99,,999.99,нет,,нет,,нет,нет
25_12-20.mp4,"Вино безалкогольное LE PETIT BERET Rose Prestige (Франция) 0, 75L",1368.42,1049.99,нет,3760251404732,-23%,270122724897,нет,нет,нет,red,нет,7168,686.9,1926.1,903.8,2106.9,3760251404732,1368.42,1299.99,,1049.99,нет,,нет,,нет,нет
25_12-20.mp4,"Вино безалкогольное FREE PASS Chardonnay бел. п/ сл. (Германия) 0, 75L",947.36,549.99,нет,4062073014465,-41%,270122794344,06.04.2026 13:40,21_ЦПУ,нет,red,нет,7168,609.0,1548.0,817.6,1756.5,4062073014465,947.36,899.99,,549.99,нет,,нет,,нет,нет
25_12-20.mp4,"Вино безалкогольное JP. CHENET Шардоне белое сл. (Франция) 0, 75L",947.36,799.99,нет,3500610174926,-15%,270122743471,25.02.2026 10:52,нет,Сладкое ,red,нет,7168,571.0,1199.5,785.1,1422.8,3500610174926,947.36,899.99,,799.99,нет,,нет,,нет,нет
25_12-20.mp4,"Вино игристое безалкогольное JP. CHENET Пино Нуар роз. сл. (Франция) 0, 75L",1368.42,,нет,нет,нет,нет,нет,нет,Сладкое ,red,нет,7168,563.6,837.1,771.3,1105.8,3500610129254,1368.42,1299.99,,999.99,нет,,нет,,нет,нет
25_12-20.mp4,"Напиток безалкогольный LE GRAND NOIR  Гренаш Блан Шардоне Ле Селье Жан д' Алибер негаз. (Франция) 0, 75L",1894.73,1529.99,нет,3437540054090,-19%,270122746022,20.01.2026 12:40,нет,нет,red,нет,7168,562.7,209.6,761.1,456.1,3437540054090,1894.73,1799.99,,1529.99,нет,,нет,,нет,нет
25_12-20.mp4,Вино ФРОНТЕРА Шардоне сорт. орд. бел. п/ сух. (Чили) 0. 375L,631.57,449.99,нет,4973480846450,-28%,270123794224,нет,01_025019,нет,red,К,12506,580.2,138.9,783.2,398.4,4973480846450,631.57,599.99,,449.99,нет,,нет,,нет,нет
25_12-20.mp4,Вино ФРОНТЕРА Каберне Совиньон кр. п/ сух.  (Чили) 0. 375L,631.57,449.99,нет,4973480846443,-28%,270123770017,25.02.2026 10:57,01_025019,нет,red,К,12506,546.9,595.0,747.8,841.0,4973480846443,631.57,599.99,,449.99,нет,,нет,,нет,нет
25_12-20.mp4,Вино CELLIER DES DAUPHINS Селье де Дофен Медитерране Престиж роз. сух. (Франция) 0. 25L,599.99,419.99,нет,3179077542571,-30%,270123558781,нет,01_025019,Сухое,red,К,12506,537.2,846.4,731.6,1103.1,3179077542571,599.99,569.99,,419.99,нет,,нет,,нет,нет
25_12-20.mp4,"Напиток безалкогольный BRUNI Зеро сильногаз. с виноградным соком (Италия) 0, 75L",1578.94,969.88,нет,8032793973478,-38%,270207793210,03.04.2026 3:08,нет,нет,red,нет,12506,555.5,1255.6,770.3,1488.7,8032793973478,1578.94,1499.99,,969.99,нет,,нет,,нет,нет
25_12-20.mp4,"Вино безалкогольное HANS BAER Рислинг бел. (Германия) 0, 75L",1526.31,999.99,нет,4049366005089,-34%,270122717899,06.02.2026 2:31,нет,Полусухое,red,нет,12506,654.3,1929.1,867.0,2128.9,4049366005089,1526.31,1449.99,,999.99,нет,,нет,,нет,нет
25_12-20.mp4,Вино JP. CHENET Ориджинал Каберне Сира кр. п/ сух. (Франция) 0. 187L,586.42,399.99,нет,3263286350611,-29%,270123560101,нет,01_025019,Полусухое,red,К,12506,2182.5,95.6,2427.4,382.3,3263286350611,568.42,539.99,,399.99,нет,,нет,,нет,нет
25_12-20.mp4,Вино JP. CHENET Ориджинал Гренаш Сенсо ордин. роз. п/ сух. (Франция) 0. 187L,568.42,399.99,нет,3263280105262,-29%,270123568019,нет,01_025019,Полусухое,red,К,12506,2166.2,520.1,2428.4,821.1,3263280105262,568.42,539.99,,399.99,нет,,нет,,нет,нет
25_12-20.mp4,Вино JP. CHENET Ориджинал Коломбар Шардоне бел. п/сух. Франция 0.187L,568.42,399.99,нет,3263286350598,-29%,270123568418,нет,01_025019,Полусухое,red,К,12506,2143.7,1098.6,2400.8,1385.3,3263286350598,568.42,539.99,,399.99,нет,,нет,,нет,нет
25_12-20.mp4,"Вино GOOD STEAK Шардоне Кубань ЗГУ Российск. бел. сух. (Россия) 0, 187L",263.15,179.99,нет,4610094289494,-31%,270123559195,нет,01_025019,Сухое,red,К,12506,2104.1,1649.1,2353.3,1898.3,4610094289494,263.15,249.99,,179.99,нет,,нет,,нет,нет
25_12-20.mp4,"Вино ВАЛЕРИЙ ЗАХАРЬИН Шардоне Российск. ЗГУ Крым авторское бел. сухю (Россия) 0, 187L",568.42,249.99,нет,4670086804241,-56%,270123730154,25.03.2026 17:55,01_025019,Сухое,red,К,16929,2108.9,1709.9,2327.3,1942.5,4670086804241,568.42,539.99,,249.99,нет,,нет,,нет,нет
25_12-20.mp4,"Вино МЕЖДУМОРЬЕ Российское Каберне Сира кр. п/ сух. (Франция) 0, 187L",,,нет,нет,-26%,нет,12.01.2026,01_025019,нет,red,нет,16929,2091.6,1933.0,2346.2,2140.5,4680644521596,284.2,269.99,,209.99,нет,,нет,,нет,нет
25_12-20.mp4,"Вино TORRES Винья Соль ординарное бел. сух. (Испания) 0, 187L",526.39,299.99,нет,8410113555472,-43%,270123630947,03.04.2026 2:54,01_025019,нет,red,К,16929,570.4,399.3,770.0,646.0,8410113555472,526.39,499.99,,299.99,нет,,нет,,нет,нет
25_12-20.mp4,"Вино САНГРЕ ДЕ ТОРО Ориджинал выдерж. кр. сух. (Испания) 0, 187L",526.39,399.99,нет,8410113011701,-24%,270123630978,26.01.2026,01_025019,нет,red,К,16929,556.3,1013.7,752.7,1258.9,8410113011701,526.39,499.99,,399.99,нет,,нет,,нет,нет
25_12-20.mp4,"Вино СИХАРУЛИ Саперави ординар. сорт. кр. сух. (Грузия) 0, 187L",426.31,275.99,нет,4860006042611,-35%,270123677015,нет,01_025019,Сухое,red,К,16929,587.7,1439.6,804.5,1650.2,4860006042611,426.31,404.99,,275.99,нет,,нет,,нет,нет
25_12-20.mp4,"Вино CAVIT СанВиджилио Мерло кр. сух. (Италия) 0, 375L",774.99,693.99,нет,8007890164029,-10%,270102702346,нет,нет,2 по цене 1 от цены без карты,red,К,16929,616.0,1665.9,840.7,1999.0,8007890164029,774.99,736.29,,693.99,нет,,нет,,нет,нет
25_12-20.mp4,"Вино UNDURRAGA Совиньон Блан сортовое бел. сух. (Чили) 0, 187L",442.1,326.99,нет,7804315304852,-26%,270123770503,нет,нет,нет,red,Ш,16929,2156.0,735.6,2410.6,1020.0,7804315304852,442.1,419.99,,326.99,нет,,нет,,нет,нет
25_12-20.mp4,"Вино CIELO Пино Гриджио делле Венецие ординарное бел. п/ сух. (Италия) 0, 187L",612.69,499.99,нет,4690491111321,-18%,270123586685,03.04.2026 3:06,01_025019,Полусухое,red,К,16929,2108.9,1430.2,2369.8,1694.2,4690491111321,612.69,581.99,,499.99,нет,,нет,,нет,нет
25_12-20.mp4,Вино GUSTARE кр. п/ сл. (Россия) 1L,294.99,269.99,нет,4620002056995,-8%,270501734901,08.04.2026,01_025017,нет,red,К,21251,567.1,757.0,771.6,1017.1,4620002056995,294.99,280.29,,269.99,нет,,нет,,нет,нет
25_12-20.mp4,"Коктейль винный KAFER Hugo газ. сл. (Германия) 0, 2L",526.31,349.99,нет,4062073029278,-33%,270205862794,нет,01_025019,нет,red,нет,21251,610.8,1415.5,805.1,1655.8,4062073029278,526.31,499.99,,349.99,нет,,нет,,нет,нет
25_12-20.mp4,"Коктейль винный KAFER Sprizz газ. сл. (Германия) 0, 2L",526.31,349.99,нет,4062073029292,-33%,270205862795,нет,01_025019,нет,red,нет,21251,641.4,1738.0,842.2,1963.8,4062073029292,526.31,499.99,,349.99,нет,,нет,,нет,нет
25_12-20.mp4,Вино КУБАНСКАЯ ВОЛЬНИЦА кр. сух. (Россия) 1L,344.99,309.99,нет,4607955241043,-10%,нет,нет,нет,"Сухое, 3 по цене 2 от цены без карты",red,К,21251,2196.4,3.4,2431.1,509.3,4607955241043,344.99,327.79,,309.99,нет,,нет,,нет,нет
25_12-20.mp4,Вино КУБАНСКАЯ ВОЛЬНИЦА кр. п/ сл. (Россия) 1L,378.94,299.99,нет,4607955241067,-20%,270501655666,нет,01_025017,Полусладкое,red,К,21251,2171.0,726.5,2427.9,991.4,4607955241067,378.94,359.99,,299.99,нет,,нет,,нет,нет
25_12-20.mp4,"Вино CANA Центральная долина DO кр. сух. (Чили) 0, 187L",368.42,249.99,нет,7804623056632,-32%,270123725882,25.03.2026 14:57,01_025019,Сухое,red,К,21251,2148.8,1454.5,2391.4,1706.6,7804623056632,368.42,349.99,,249.99,нет,,нет,,нет,нет
25_12-20.mp4,"Вино CANA Центральная долина DO бел. сух. (Чили) 0, 187L",368.42,249.99,нет,7804636058656,-32%,270123725831,25.03.2026 14:57,01_025019,Сухое,red,К,21251,2080.6,1958.8,2337.5,2142.8,7804636058656,368.42,349.99,,249.99,нет,,нет,,нет,нет
25_12-20.mp4,Вино СЕМЬ ВИНОДЕЛОВ кр. п/ сл. (Россия) 1L,315.78,209.99,нет,4607093549414,-33%,270501654895,25.03.2024 10:57,01_025017,Полусладкое,red,К,26334,2117.1,1153.8,2356.8,1420.9,4607093549414,315.78,299.99,,209.99,нет,,нет,,нет,нет
25_12-20.mp4,Вино GUSTARE кр. сух. (Россия) 1L,421.05,269.99,нет,4620002056971,-35%,270501442734,02.04.2026 12:08,01_025017,Сухое,red,К,26334,2101.0,1628.5,2327.9,1876.3,4620002056971,421.05,399.99,,269.99,нет,,нет,,нет,нет
25_12-20.mp4,Вино КРЫМСКИЙ ТАЛИСМАН ординарное кр. п/ сл. (Россия) 1L,421.09,339.99,нет,4660304060047,-19%,270501718249,08.10.2025 14:27,01_025017,нет,red,Ш,26334,544.9,802.8,742.0,1045.8,4660304060047,421.09,,,339.99,нет,,нет,,нет,нет
25_12-20.mp4,Вино СЕМЬ ВИНОДЕЛОВ кр. сух. (Россия) 1L,315.78,229.99,нет,4607093549438,-27%,270501656814,нет,01_025017,"Сухое, доп. скидка для участников соц. программы",red,К,30401,2082.4,1442.7,2344.1,1912.4,4607093549438,315.78,299.99,,229.99,нет,,нет,,нет,нет
25_12-20.mp4,Вино МУКУНДАРИ Саперави кр. п/ сл. (Россия) 1L,421.05,319.99,нет,4660304060795,-24%,270501748943,09.12.2025 2:02,01_025017,нет,red,Ш,30401,2139.2,426.0,2377.2,698.7,4660304060795,421.05,399.99,,319.99,нет,,нет,,нет,нет
25_12-20.mp4,Вино GRILLWINE ординарное кр. сух. (Россия) 1L,421.05,295.99,нет,4660304060085,-29%,270501709763,05.01.2026 0:52,01_025017,Сухое,red,К,30401,552.0,537.9,742.7,793.3,4660304060085,421.05,399.99,,295.99,нет,,нет,,нет,нет
25_12-20.mp4,Вино МОНАСТЫРСКАЯ ТРАПЕЗА кр. сух. ТетраПак (Россия) 1L,399.99,329.99,нет,4607002224159,-17%,270501244982,02.02.2026 1:43,01_025017,Сухое,red,К,35994,2140.9,240.0,2386.9,534.7,4607002224159,399.99,379.99,,329.99,нет,,нет,,нет,нет
25_12-20.mp4,Вино TRADITIONAL WINE Каберне сортовое кр. сух. (Россия) 2L,894.73,704.99,нет,4606088590578,-21%,270501669477,05.03.2026 2:31,01_025017,Сухое,red,К,35994,534.9,659.6,714.3,904.1,4606088590578,894.73,704.99,,,нет,,нет,,нет,нет
25_12-20.mp4,Вино TRADITIONAL WINE Саперави сортовое кр. сух. (Россия) 2L,894.73,599.99,нет,4606068506568,-32%,270501663476,02.04.2026 1:03,01_025017,Сухое,red,К,35994,607.0,1757.4,819.9,1947.4,4606068506568,894.73,599.99,,,нет,,нет,,нет,нет
25_12-20.mp4,Вино МОНАСТЫРСКАЯ ТРАПЕЗА кр. п/ сл. ТетраПак (Россия) 1L,399.99,329.99,нет,4607002225668,-17%,270501630857,02.02.2026 1:43,01_025017,Полусладкое,red,К,35994,2030.9,1923.6,2269.9,2131.4,4607002225668,399.99,379.99,,329.99,нет,,нет,,нет,нет
25_12-20.mp4,Вино МОНАСТЫРСКАЯ ТРАПЕЗА бел. п/ сл. (Россия) 1L,399.99,329.99,нет,4607002225682,-17%,270501630894,нет,01_025016,Полусладкое,red,К,41738,2114.8,421.9,2369.9,716.9,4607002225682,399.99,379.99,,329.99,нет,,нет,,нет,нет
25_12-20.mp4,Вино EL TORITO Олимп Фелис орд. кр. сух. (Россия) 2L,842.1,699.99,нет,4610094283966,-16%,270501768525,нет,01_025017,нет,red,К,41738,566.2,1576.7,779.0,1799.0,4610094283966,842.1,799.99,,699.99,нет,,нет,,нет,нет
25_12-20.mp4,Вино EL TORITO Олимп Фелис орд. бел. сух. (Россия) 2L,842.1,699.99,нет,4610094282990,-16%,270502758145,нет,01_025016,нет,red,К,41738,497.7,453.3,703.7,711.8,4610094282990,842.1,799.99,,699.99,нет,,нет,,нет,нет
25_12-20.mp4,Вино МОНАСТЫРСКАЯ ТРАПЕЗА бел. сух. (Россия) 1L,399.99,329.99,нет,4607002224142,-17%,270502244984,02.02.2026 1:43,01_025016,Сухое,red,К,41738,2066.6,1491.8,2322.4,1747.5,4607002224142,399.99,379.99,,329.99,нет,,нет,,нет,нет
26_12-20.mp4,Вино MOULIN DE LA FAYE Шато Мулен де ла Фэй Бордо Гранд Резерв кр. сух. (Франция) 0. 75L,3789.49,2345.99,нет,3500610117022,-38%,270101738668,17.02.2026 1:14,нет,Сухое,red,нет,6595,2011.9,1923.3,2231.6,2115.3,3500610117022,3789.49,3599.99,,2345.99,нет,,нет,,нет,нет
26_12-20.mp4,Вино CITRAN Бордо Суперьор кр. сух. (Франция) 0. 75L,2631.57,1899.99,нет,4690491122587,-27%,нет,нет,нет,Сухое,red,Ш,6595,2029.7,1463.6,2260.9,1706.3,4690491122587,2631.57,,,1899.99,нет,,нет,,нет,нет
26_12-20.mp4,Вино PREIGNES LE VIEUX Пэй дОк Лез Этонан Каберне Фран сорт. кр. сух. (Франция) 0. 75L,2421.05,1631.99,нет,3552848940002,-32%,270101051849,01.04.2026 0:41,01_025019 - 026015,нет,red,Ш,6595,2073.3,800.3,2307.1,1052.8,3552848940002,2421.05,2299.99,,1631.99,нет,,нет,,нет,нет
26_12-20.mp4,Вино ALBERT BICHOT Chateau De Dracy Пино Нуар Бургонь выдерж. кр. сух. (Франция) 0. 75L,5578.99,2999.99,нет,3296311111000,-46%,270101529789,17.02.2026 1:14,026005 - 026007,Сухое,red,Ш,6595,2083.1,433.0,2320.5,692.7,3296311111000,5578.99,5299.99,,2999.99,нет,,нет,,нет,нет
26_12-20.mp4,Вино MICKAEL MARILLIER BEAUJOLAIS AOP ординарное сортовое кр. сух. (Франция) 0. 75L,1999.99,1399.99,нет,3363040800885,-30%,270101580637,03.03.2026 16:10,026017 - 025018,Сухое,red,К,6595,699.9,1572.5,877.4,1794.8,3363040800885,1999.99,1899.99,,1399.99,нет,,нет,,нет,нет
26_12-20.mp4,Вино CLOCE DU CHARME Каберне Совиньон кр. сух. (Франция) 0. 75L,1334.99,1199.99,нет,3437540053123,-10%,270101778029,08.04.2026 1:24,026005 - 026007,нет,red,К,6595,659.0,1090.2,841.9,1520.8,3437540053123,1334.99,1268.29,,1199.99,нет,,нет,,нет,нет
26_12-20.mp4,Вино CLOCE DU CHARME Каберне Мерло кр. сух. (Франция) 0. 75L,1334.99,1199.99,нет,3437540053130,-10%,270101770030,нет,нет,нет,red,К,6595,653.6,617.1,820.3,1059.3,3437540053130,1334.99,1268.29,,1199.99,нет,,нет,,нет,нет
26_12-20.mp4,Вино LE GRAND NOIR Пино Нуар кр. п./ сух. (Франция) 0. 75L,1578.94,1199.99,нет,4690491106778,-29%,270101450101,03.04.2026 5:01,025015 - 025010,Полусухое,red,К,6595,691.4,51.4,879.0,266.8,4690491106778,1578.94,1499.99,,1119.99,нет,,нет,,нет,нет
26_12-20.mp4,Вино LA BAUME SAINT-PAUL TERROIR Корбьер AOP  кр. сух. (Франция) 0. 75L,2526.31,2254.99,нет,3500610089701,-10%,270101495860,нет,025017 - 025018,Сухое,red,К,15833,2037.7,1794.1,2268.4,1985.3,3500610089701,2526.31,2399.99,,2254.99,нет,,нет,,нет,нет
26_12-20.mp4,Вино GUIGAL Кот дю Рон Руж выд. кр. сух. (Франция) 0. 75L,4421.09,2749.99,нет,4690491121887,-37%,270101730056,17.02.2026 1:14,нет,Сухое,red,нет,15833,2077.2,1214.1,2331.0,1454.7,4690491121887,4421.09,4199.99,,2749.99,нет,,нет,,нет,нет
26_12-20.mp4,Вино BOUNGOGNE PINOT NOIR PIERRE NEROL выдерж. сорт. AOP кр. сух. (Франция) 0. 75L,3157.89,2299.99,нет,3298660031398,-27%,270101701901,03.03.2026 16:30,026017 - 026015,Сухое,red,Ш,15833,2116.8,492.4,2393.6,792.3,3298660031398,3157.89,2999.99,,2299.99,нет,,нет,,нет,нет
26_12-20.mp4,Вино CHATEAU LE VIEUX FORT Бордо Медок Крю Буржуа АОП выдерж. кр. сух. (Франция) 0. 75L,2526.31,2184.99,нет,3770001048277,-13%,270101495862,28.02.2026 1:13,025017 - 025018,Сухое,red,Ш,15833,2149.7,96.9,2420.0,386.9,3770001048277,2526.31,2399.99,,2184.99,нет,,нет,,нет,нет
26_12-20.mp4,Вино LE GRAND NOIR Каберне Совиньон орд. кр. п./ сух. (Франция) 0. 75L,1578.94,1199.99,нет,4690491106877,-29%,270101458163,03.04.2026 5:01,026015 - 026016,Полусухое,red,К,15833,584.3,1339.3,788.7,1579.9,4690491106877,1578.94,1499.99,,1119.99,нет,,нет,,нет,нет
26_12-20.mp4,Вино CAHORS Шато Брю Лягардет выд. кр. сух. (Франция) 0. 75L,2105.26,1529.99,нет,3661710013000,-27%,нет,нет,нет,нет,red,К,15833,498.6,673.6,676.6,927.4,3661710013000,2105.26,1999.99,,1529.99,нет,,нет,,нет,нет
26_12-20.mp4,Вино Д' АЛИБЕР Вино Ла Ситель Ред орд. кр. п/ сух. (Франция) 0. 75L,1684.2,1199.99,нет,3437540053727,-28%,270101794449,20.1.2026 12:12,026017 - 026018,нет,red,К,15833,485.5,152.9,666.7,416.6,3437540053727,1684.2,1599.99,,1199.99,нет,,нет,,нет,нет
26_12-20.mp4,Вино CHATEAU LE DOUTDIEU Шато ле Бурдьё Крю буржуа Медок выдерж. кр. сух. (Франция) 0. 75L,2842.1,2039.99,нет,3578850175171,-28%,270101024047,16.02.2026 10:54,01_026005 - 025007,Сухое,red,Ш,17626,456.9,68.4,631.7,356.8,3578850175171,2842.1,2699.99,,2039.99,нет,,нет,,нет,нет
26_12-20.mp4,Вино PURE ALTITUDE Пино Нуар кр. сух. (Франция) 0. 75L,2315.78,1499.99,нет,3700619352664,-35%,270101778501,03.02.2026 22:51,025005 - 026007,нет,red,Ш,20188,2078.0,1243.8,2362.0,1554.1,3700619352664,2315.78,2199.99,,1499.99,нет,,нет,,нет,нет
26_12-20.mp4,Вино PIERRE PLANTEE ординарное кр. сух. (Франция) 0. 75L,2105.29,1199.99,нет,3259354509500,-43%,270101443432,нет,026005 - 026007,Сухое,red,К,20188,2152.2,0.0,2445.0,313.1,3259354509500,2105.29,1999.99,,1199.99,нет,,нет,,нет,нет
26_12-20.mp4,Вино LA BAUME SAINT-PAUL Мерло Пэй Д' ОК IGP кр. сух. (Франция) 0. 75L,1999.99,1399.99,нет,3500610042638,-30%,270101495864,13.10.2025 17:37,026005 - 026013,Сухое,red,Ш,20188,382.6,1082.2,557.4,1370.5,3500610042638,1999.99,,,1399.99,нет,,нет,,нет,нет
26_12-20.mp4,Вино LAURENT CHARDIGNY PINOT NOIR AOP Bourgogne сорт. орд. кр. сух. (Франция) 0. 75L,2421.05,1699.99,нет,3363040800137,-29%,270101680679,16.2.2026 16:54,01_026005 - 026007,Сухое,red,К,20188,334.5,610.3,535.5,876.8,3363040800137,2421.05,2299.99,,1699.99,нет,,нет,,нет,нет
26_12-20.mp4,Вино ROBERT CHARTON Бордо AOP кр. сух. (Франция) 0. 75L,1368.42,799.99,нет,3256030010244,-41%,270101364411,24.02.2026 10:52,01_026017 - 026018,Сухое,red,К,20188,360.8,103.4,561.8,387.4,3256030010244,1368.42,1299.99,,799.99,нет,,нет,,нет,нет
26_12-20.mp4,Вино CLAUDE VAL кр. сух. (Франция) 0. 75L,1653.68,1427.99,нет,3760040420295,-13%,270101669467,нет,01_026017 - 026018,Сухое,red,Ш,27156,2040.2,1843.0,2354.3,2099.3,3760040420295,1653.68,1570.99,,1427.99,нет,,нет,,нет,нет
26_12-20.mp4,Вино BANFI Brunello Di Montalcino мароч. кр. сух. (Италия) 0. 75L,11568.42,5787.99,нет,4690491103135,-49%,270102144940,08.04.2026 1:24,025015 - 025018,Сухое,red,Ш,27156,2110.4,1138.1,2430.8,1479.2,4690491103135,11568.42,10989.99,,5787.99,нет,,нет,,нет,нет
26_12-20.mp4,Вино LO STRANIERO Пино Неро дель Поджиарелло Эмилия-Романья красное сухое (Италия) 0. 75L,2315.78,1899.99,нет,8003971003393,-17%,270102679238,нет,026005 - 026007,Сухое,red,Ш,27156,2141.4,36.4,2478.4,427.0,8003971003393,2315.78,2199.99,,1899.99,нет,,нет,,нет,нет
26_12-20.mp4,Вино LE CURIEUX SOMMELIER Мерло сорт. выдерж. кр. сух. (Франция) 0. 75L,1684.29,1325.99,нет,3263280122351,-21%,270101738426,24.01.2026 12:53,025017 - 025018,Сухое,red,К,27156,320.4,1514.3,547.7,1783.0,3263280122351,1684.29,1599.99,,1325.99,нет,,нет,,нет,нет
26_12-20.mp4,Вино TENUTA DI BURCHINO Говерно Аль Узо Тоскана ИГТ кр. п/ сух. (Италия) 0. 75L,2894.73,1999.99,нет,8002153227824,-30%,270102737116,6.11.2026 16:08,026005 - 026013,Полусухое,red,Ш,27156,264.6,447.7,436.1,745.4,8002153227824,2894.73,2749.99,,1999.99,нет,,нет,,нет,нет
26_12-20.mp4,Вино PLACIDO Кьянти ординарное сортовое кр. сух. (Италия) 0. 75L,2105.29,1299.99,нет,8011047030600,-38%,270102362837,нет,026017 - 025018,Сухое,red,К,40273,2094.2,1797.5,2436.9,2098.9,8011047030600,2105.29,1999.99,,1299.99,нет,,нет,,нет,нет
26_12-20.mp4,Вино MININI Монтепульчано д' Абруццо ДОК кр. сух. (Италия) 0. 75L,2105.26,1499.99,нет,8003969315750,-28%,270101075880,нет,025005 - 026007,Сухое,red,К,40273,2125.2,1155.5,2505.0,1549.8,8003969315750,2105.26,1999.99,,1499.99,нет,,нет,,нет,нет
26_12-20.mp4,Вино PRIMASOLE Примитиво Апулия кр. п/ сух.(Италия) 0. 75L,1894.73,1399.99,нет,4690491103616,-26%,270102082682,нет,026017 - 025018,Полусухое,red,К,40273,2156.1,133.7,2511.2,552.8,4690491103616,1894.73,1799.99,,1399.99,нет,,нет,,нет,нет
26_12-20.mp4,Вино LE VIGNE DI SAMMARCO NEGROAMARO IGP кр. п/ сух.(Италия) 0. 75L,1894.73,1299.99,нет,8051070512049,-31%,270102701074,23.03.2026 15:35,01_026015 - 026016,нет,red,Ш,40273,242.6,1464.5,456.1,1776.4,8051070512049,1894.73,1799.99,,1299.99,нет,,нет,,нет,нет
26_12-20.mp4,Вино POGGIO TOSCO Россо Тоскано ИГТ сорт. кр. сух. (Италия) 0. 75L,1578.94,1199.99,нет,8006600103006,-24%,270102770508,03.04.2026 3:08,026015 - 026016,нет,red,К,40273,194.8,818.1,366.2,1127.2,8006600103006,1578.94,1499.99,,1199.99,нет,,нет,,нет,нет
26_12-20.mp4,Вино LE VIGNE DI SAMMARCO NEGROAMARO IGP кр. п/ сух.(Италия) 0. 75L,1894.73,1299.99,нет,8051070512049,-31%,270102701074,23.03.2026 15:35,01_026015 - 026016,нет,red,Ш,40273,242.6,1464.5,456.1,1776.4,8051070512049,1894.73,1799.99,,1299.99,нет,,нет,,нет,нет
26_12-20.mp4,Вино CUVEE 16 кр. п/ сух. (Италия) 0. 75L,2105.29,1549.99,нет,8008863058710,-26%,270102715431,12.03.2026 12:03,01_026015 - 026016,нет,red,Ш,44372,2146.0,545.3,2500.1,918.9,8008863058710,2105.29,1999.99,,1549.99,нет,,нет,,нет,нет
26_12-20.mp4,Вино ASTRALE Неро д' Авола сортовое орд. кр. сух. (Италия) 0. 75L,1768.42,1399.99,нет,8002793019124,-20%,270102739823,нет,026005 - 026007,Сухое,red,К,44372,194.8,559.9,370.6,877.4,8002793019124,1768.42,1679.99,,1399.99,нет,,нет,,нет,нет
26_12-20.mp4,Вино PALAZZO NOBILE Кьянти Ризерва марочное кр. сух. (Италия) 0. 75L,1578.94,899.99,нет,8009620803314,-43%,270102747655,12.03.2026 12:03,01_026015 - 026016,Сухое,red,К,47549,223.4,1413.3,442.4,1715.2,8009620803314,1578.94,1499.99,,899.99,нет,,нет,,нет,нет
26_12-20.mp4,Вино TRE PASSO кр. п/сух. (Италия) 0. 75L,2210.52,1733.99,нет,4690491103463,-21%,270102486484,нет,026017 - 025018,Полусухое,red,Ш,47549,2396.0,1561.3,2680.2,2011.2,4690491103463,2210.52,2099.99,,1733.99,нет,,нет,,нет,нет
26_12-20.mp4,Вино TORREBRUNA Санджовезе Тоскана IGT сортовое кр. п/ сух. (Италия) 0. 75L,1894.73,1499.99,нет,8002153215920,-20%,270102444439,нет,нет,Полусухое,red,К,47549,2490.7,28.0,2745.3,424.6,8002153215920,1894.73,1799.99,,1499.99,нет,,нет,,нет,нет
26_12-20.mp4,Вино STRANAMENTE ординарное кр. п/сух. (Италия) 0. 75L,1578.94,1349.99,нет,8002153230602,-14%,270102685754,02.02.2026 17:08,025005 - 026007,Полусухое,red,К,47549,211.5,460.2,436.5,768.0,8002153230602,1578.94,1499.99,,1349.99,нет,,нет,,нет,нет
26_12-20.mp4,Вино DUCA DI SARAGNAMO сорт. выд. IGT Амтулия Алхимия Примитиво кр. п/сух. (Италия) 0. 75L,3157.89,2243.99,нет,8009307012503,-28%,270102711492,нет,026017 - 025018,Полусухое,red,Ш,54056,2354.8,1452.6,2628.2,1781.9,8009307012503,3157.89,2999.99,,2243.99,нет,,нет,,нет,нет
26_12-20.mp4,Вино ИЛЬ ВАЛАНДРЕА Гуттурнио Суперьоре дель Поджиарелло Эмилия-Романья DOC кр. сух. (Италия) 0. 75L,2105.26,1699.99,нет,8003971003386,-19%,270102679140,нет,025005 - 026007,Сухое,red,Ш,54056,2392.1,259.6,2690.3,663.5,8003971003386,2105.26,1999.99,,1699.99,нет,,нет,,нет,нет
26_12-20.mp4,Вино NOBILOMO Марцемино Эмилия - Романья DOC кр. п/ сл. (Италия) 0. 75L,1578.94,1149.99,нет,8027625004642,-27%,270102362960,23.03.2026 15:35,01_026015 - 026016,Полусладкое,red,К,54056,236.0,1297.2,428.6,1570.6,8027625004642,1578.94,1499.99,,1149.99,нет,,нет,,нет,нет
26_12-20.mp4,Вино SELLATA Примитиво ИГП Алулия сорт. кр. п/сух. (Италия) 0. 75L,1578.94,1399.99,нет,8054754895391,-11%,270102715493,03.04.2026 3:08,026015 - 026016,Полусухое,red,Ш,54056,236.0,98.0,459.6,383.8,8054754895391,1578.94,1499.99,,1399.99,нет,,нет,,нет,нет
26_12-20.mp4,Вино CIELO Sante Rive Вальполичелла ординар. кр. сух. (Италия) 0. 75L,2515.73,1699.99,нет,4690491103517,-32%,270102082688,02.03.2026 0:45,025017 - 026018,Сухое,red,К,60820,2352.8,1480.7,2597.4,1823.0,4690491103517,2515.78,2389.99,,1699.99,нет,,нет,,нет,нет
26_12-20.mp4,Вино SANTA CRISTINA Тоскана IGT ордин. кр. сух. (Италия) 0. 75L,2526.39,1999.99,нет,8001935361404,-20%,270102240879,03.04.2026 2:57,025015 - 026016,Сухое,red,К,60820,2438.4,62.3,2670.7,453.6,8001935361404,2526.39,2399.99,,1999.99,нет,,нет,,нет,нет
26_12-20.mp4,Вино CIELO Sante Rive Бардолино ордин. кр. сух. (Италия) 0. 75L,1884.2,1223.99,нет,4690491103630,-35%,270102106792,нет,025017 - 026018,Сухое,red,К,60820,278.3,1619.2,490.3,1896.4,4690491103630,1884.2,1789.99,,1223.99,нет,,нет,,нет,нет
26_12-20.mp4,Вино Каберне Совиньон ординарное кр. п/сух. (Италия) 0.75L,1884.2,1223.99,нет,4690491103470,-35%,270102882087,04.03.2026 1:00,025017 - 026018,Полусухое,red,К,60820,184.6,836.7,368.0,1170.9,4690491103470,1884.2,1789.99,,1223.99,нет,,нет,,нет,нет
26_12-20.mp4,Вино ROBERTO SAROTTO Monferrato Rosso Пьемонт DOC кр. сух. (Италия) 0.75L,1999.99,1631.99,нет,8028752904096,-18%,270102006725,нет,025017 - 026018,Сухое,red,Ш,60820,229.4,21.6,457.7,331.3,8028752904096,1999.99,1899.99,,1631.99,нет,,нет,,нет,нет
26_12-20.mp4,Вино REMOLE Тоскана кр. сух. (Италия) 0. 75L,1999.99,1599.99,нет,4690491210307,-20%,270102086946,нет,026016 - 026016,нет,red,К,68147,2019.3,1761.5,2370.3,2056.5,4690491210307,1999.99,1899.99,,1599.99,нет,,нет,,нет,нет
26_12-20.mp4,Вино MAZZEI Poggio Badiola Тоскана выдерж. кр. сух. (Италия) 0.75L,2631.57,1799.99,нет,8016118511156,-31%,270102535511,нет,026017 - 026016,Сухое,red,Ш,68147,2067.7,906.9,2428.8,1291.0,8016118511156,2631.57,2499.99,,1799.99,нет,,нет,,нет,нет
26_12-20.mp4,Вино ITALO CESCON Каберне Пиаве DOC/DOP сортовое кр. сух. (Италия) 0.75L,3153.69,1999.99,нет,4610094285489,-36%,270102444427,нет,026017 - 026016,Сухое,red,Ш,68147,2072.7,57.5,2413.5,421.2,4610094285489,3153.69,2995.99,,1999.99,нет,,нет,,нет,нет
26_12-20.mp4,Вино TRESCA Nero d' avola сорт. кр. сух. (Италия) 0.75L,1263.15,899.99,нет,8055731671038,-28%,270102751390,16.02.2026 12:50,21_ПВН,нет,red,нет,68147,203.5,1334.2,409.5,1608.9,8055731671038,1263.15,1199.99,,899.99,нет,,нет,,нет,нет
26_12-20.mp4,Вино PICCINI Кьянти Ризерва выдерж. кр. сух. (Италия) 0.75L,1684.19,1299.99,нет,8002793958379,-22%,270102472159,27.02.2026 6:28,01_025017 - 025018,Сухое,red,К,68147,167.9,573.8,356.1,879.0,8002793958379,1684.19,1599.99,,1299.99,нет,,нет,,нет,нет
26_12-20.mp4,Вино CASA DEFFRA Колли Беричи Ризерва выд. кр. п/сух. (Италия) 0. 75L,2526.31,1784.99,нет,4690491203293,-29%,270102742435,нет,01_026017 - 026016,Полусухое,red,Ш,74808,1992.7,1746.9,2298.6,2052.8,4690491203293,2526.31,2399.99,,1784.99,нет,,нет,,нет,нет
26_12-20.mp4,Вино CORTEBALDI Кьянти орд сорт. кр. сух. (Италия) 0.75L,1368.42,999.99,нет,8016608000115,-26%,270102715264,20.02.2026 15:55,01_026015 - 026016,Сухое,red,К,74808,2040.1,723.8,2377.7,1114.0,8016608000115,1368.42,1299.99,,999.99,нет,,нет,,нет,нет
26_12-20.mp4,Вино DOMINI VENETI Вальп. Классико Супер. Рипассо ла Казетта выд. кр. сух. (Италия) 0. 75L,5894.79,3494.99,нет ,4690491116104,-40%,270102735538,03.04.2026 0:06,нет,Полусухое,red,нет,74808,2071.8,0.0,2414.6,349.3,4690491116104,5894.79,5599.99,,3494.99,нет,,нет,,нет,нет
26_12-20.mp4,Вино SANGRE DE TORO Резерва Темпранильо сорт. выд. кр. сух. (Испания) 0. 75L,1789.47,1199.99,нет,8410113555267,-32%,270102735929,06.03.2026 10:56,01_026015 - 026016,Сухое,red,К,74808,331.4,1905.1,552.9,2137.2,8410113555267,1789.47,1699.99,,1199.99,нет,,нет,,нет,нет
26_12-20.mp4,Вино 4 VOLTE Rosso кр. сух. (Италия) 0.75L,1673.68,1199.99,нет,8002793010756,-28%,270102459156,03.04.2026 2:54,025015 - 026016,нет,red,К,74808,194.3,1325.0,405.2,1609.8,8002793010756,1673.68,1589.99,,1199.99,нет,,нет,,нет,нет
26_12-20.mp4,Вино PAVONERO Примитиво ди Мандурия сорт. выдерж. кр. п/ сух. (Италия) 0.75L,2421.05,1530.99,нет,8000757005510,-36%,270102663324,21.01.2026 7:48,01_025017 - 026 018,Полусухое,red,К,74808,173.2,613.0,363.0,924.2,8000757005510,2421.05,2299.99,,1530.99,нет,,нет,,нет,нет
26_12-20.mp4,Вино VESPUCCI Кьянти Классико Тоскана ординарное кр. сух. (Италия) 0.75L,2526.39,1734.99,нет,8009620822285,-31%,270102701190,28.03.2026 0:52,025017 - 026016,Сухое,red,Ш,80444,2025.5,1334.5,2379.7,1694.9,8009620822285,2526.39,2399.99,,1734.99,нет,,нет,,нет,нет
26_12-20.mp4,Вино MONGRANA DOC Тоскана выдерж. кр. сух. (Италия) 0. 75L,3684.29,2499.99,нет,8031481003435,-32%,270102711329,28.03.2026 0:52,нет,Сухое,red,Ш,80444,2062.8,601.3,2410.7,1023.8,8031481003435,3684.2,3499.99,,2499.99,нет,,нет,,нет,нет
26_12-20.mp4,Вино LUMA Сира Сицилия сорт. ординар. кр. п/ сух. (Италия) 0. 75L,2475.79,2039.99,нет,8005374000436,-17%,270102663335,01.02.2026 2:21,026005 - 026007,Полусухое,red,Ш,80444,259.7,1729.9,490.7,1999.4,8005374000436,2475.79,2351.99,,2039.99,нет,,нет,,нет,нет
26_12-20.mp4,Вино LUCCARELLI Негроамаро Луккарелли Пулия сорт. ордин. кр. п/ сух. (Италия) 0. 75L,2631.59,1699.99,нет,8019873924551,-35%,270102729890,01.04.2026 3:00,025015 - 026016,Полусухое,red,Ш,80444,178.9,965.7,360.2,1253.8,8019873924551,2631.59,2499.99,,1699.99,нет,,нет,,нет,нет
26_12-20.mp4,Вино CANTINA DIOMEDE LAMA DI PIETRA Неро ди Троя Пулия сорт. орд. кр. п/сух (Италия) 0. 75L,2526.31,1733.99,нет,8032758710537,-31%,270102586141,14.01.2026 15:58,025017 - 025015,Полусухое,red,Ш,80444,182.0,353.5,383.1,647.3,8032758710537,2526.31,2399.99,,1733.99,нет,,нет,,нет,нет
26_12-20.mp4,Вино FADO Фадо Резерва выдерж. кр. сух. (Португалия) 0. 75L,2526.31,1835.99,нет,5600353670193,-27%,270103553840,нет,025017 - 026016,Сухое,red,К,86388,2018.1,1582.0,2353.7,1892.4,5600353670193,2526.31,2399.99,,1835.99,нет,,нет,,нет,нет
26_12-20.mp4,Вино SAN VALENTIN Гарнача кр. сух. (Испания) 0. 75L,1473.63,1099.99,нет,нет,-25%,270103031659,нет,нет,Сухое,red,К,86388,2041.4,839.1,2398.3,1211.5,нет,,,,,нет,,нет,,нет,нет
26_12-20.mp4,Вино MATSU EI Recio выдерж. кр. сух. (Испания) 0. 75L,3413.68,2794.99,нет,8437008695891,-18%,270103448126,нет,01_025015 - 026016,Сухое,red,Ш,86388,2070.5,28.2,2404.2,396.8,8437008695891,3413.68,3242.99,,2794.99,нет,,нет,,нет,нет
26_12-20.mp4,Вино PECCATORE Пеккаторе Дору выдерж. кр. сух. (Португалия) 0. 75L,1684.2,1223.99,нет,5604242009491,-27%,270103445734,12.02.2026 4:02,нет ,Сухое,red,нет,86388,278.1,1525.8,479.8,1816.8,5604242009491,1684.2,1599.99,,1223.99,нет,,нет,,нет,нет
26_12-20.mp4,Вино PORTAL DEL MONTSANT Сантес кр. сух. (Испания) 0. 75L,2631.57,1699.99,нет,8437008807546,-35%,270103709967,13.10.2025 12:12,026005 - 026013,Сухое,red,Ш,86388,210.2,1029.2,396.4,1327.9,8437008807546,2631.57,,,1699.99,нет,,нет,,нет,нет
26_12-20.mp4,Вино MUCHO MAS кр. п/ сух. (Испания) 0. 75L,1513.69,1199.99,нет,8410702068468,-20%,270103722683,нет,01_025015 - 026016,Полусухое,red,К,86388,202.4,676.1,388.6,986.5,8410702068468,1513.69,1437.99,,1199.99,нет,,нет,,нет,нет
26_12-20.mp4,Вино ROQUETA Эстасьонес Темпранильо орд. сорт. кр. сух. (Испания) 0. 75L,999.99,785.99,нет,8411106085310,-21%,270103740229,нет,026017 - 026013,Сухое,red,К,86388,245.1,63.1,460.4,371.6,8411106085310,999.99,949.99,,785.99,нет,,нет,,нет,нет
26_12-20.mp4,Вино SATIS DEI VDT Кастилья кр. сух. (Испания) 0. 75L,1789.47,1239.99,нет,8436033846674,-30%,270103573328,25.01.2026 0:58,025017 - 026016,Сухое,red,К,87976,261.7,28.5,464.6,334.8,8436033846674,1789.47,1699.99,,1239.99,нет,,нет,,нет,нет
26_2-10.mp4,Вино HAUT MARIN Colombard Ugni-blanc Littorine ордин. бел. сух. (Франция) 0. 75L,1473.68,1104.99,нет,3760094282559,-25%,нет,нет,01_025 002 - 025 003,Сухое,red,К,0,2051.8,1930.7,2285.3,2140.8,3760094282559,1473.68,1399.99,,1104.99,нет,,нет,,нет,нет
26_2-10.mp4,"Вино HAUT MARIN
Colombard Ugni-
blanc Littorine ордин.
бел. сух. (Франция)
0. 75L",1747.36,1104.99,нет,3760094282559,-36%,нет,28.01.2026 14:45,нет,Сухое,red,К,0,2081.8,1466.9,2318.7,1710.5,3760094282559,1747.36,,,1104.99,нет,,нет,,нет,нет
26_2-10.mp4,"Вино HAUT MARIN
Совиньон Блан Перл серии 0 сорт. орд. бел. сух. (Франция)
0. 75L",1684.21,1299.99,нет,3760094282528,-22%,нет,нет,нет,нет,red,нет,0,2101.8,1073.3,2362.0,1353.5,3760094282528,1684.21,,,1299.99,нет,,нет,,нет,нет
26_2-10.mp4,"Вино PURE
ALTITUDE Совиньон
Блан бел. сух
(Франция) 0. 75L",2315.78,1499.99,нет,3700619352626,-35%,нет,нет,01_025 010,нет,red,Ш,0,2138.5,639.5,2362.0,893.1,3700619352626,2315.78,2199.99,,1499.99,нет,,нет,,нет,нет
26_2-10.mp4,"Вино PURE
ALTITUDE
Шардоне бел. сух.
(Франция) 0. 75L",2315.78,1499.99,нет,3700619352626,-35%,нет,03.02.2026 2:51,01_025 010,Сухое,red,К,0,2131.8,85.7,2385.4,322.6,3700619352640,2315.78,2199.99,,1499.99,нет,,нет,,нет,нет
26_2-10.mp4,"Вино REMY PANNIER
Sauvignon Валь де
Луаре сортовое ордин. бел. сух
(Франция) 0. 75L",1578.99,1374.99,нет,3221580008317,-12%,270108704080,25.03.2026 14:45,01_025 010 - 025 012,Сухое,red,К,2067,817.4,669.6,1014.2,919.8,3221580008317,1578.99,1499.99,,1374.99,нет,,нет,,нет,нет
26_2-10.mp4,"Вино BANFI
Principessa Gavia
Gavi Принцесса
Гавиа орд. сорт. бел. сух. (Италия) 0. 75L",2631.57,1849.99,нет,8000016010569,-29%,нет,03.04.2026 3:08,01_025 009,Полусухое,red,Ш,6875,2119.6,1514.8,2315.3,1702.7,8000016010569,2361.57,2499.99,,1849.99,нет,,нет,,нет,нет
26_2-10.mp4,"Вино ARAGOSTA
Верментино ди
Сарденья бел. сух.
(Италия) 0. 75L",3157.89,2039.99,нет,8001487001100,-35%,нет,11.03.2026 2:48,нет,Сухое,red,нет,6875,2135.2,1162.5,2342.7,1377.8,8001487001100,3157.89,2999.99,,2039.99,нет,,нет,,нет,нет
26_2-10.mp4,"Вино GAVI DEI
GAVI бел. сух.
(Италия) 0. 75L",7368.49,6289.99,нет,4690491111055,-14%,нет,03.04.2026 3:04,01_025 009,Сухое,red,Ш,6875,2150.9,872.8,2338.8,1084.2,4690491111055,7368.49,6999.99,,6289.99,нет,,нет,,нет,нет
26_2-10.mp4,"Вино LE RIME
Тоскана ординарное бел.
сух. (Италия) 0. 75L",2315.78,1749.99,нет,4690491103319,-24%,270109220586,03.04.2026 2:57,01_025 009,Сухое,red,К,6875,2139.1,520.5,2350.5,716.2,4690491103319,2315.78,2199.99,,1749.99,нет,,нет,,нет,нет
26_2-10.mp4,"Вино PRIARA
Пино Гриджио ординар. бел. сух.
(Италия) 0. 75L",2631.57,1999.99,нет,4690491103593,-24%,нет,09.12.2025 2:02,нет,"Сухое, Пино Гриджио",red,нет,6875,2158.7,109.5,2350.5,485.3,4690491103593,2631.57,,,1999.99,нет,,нет,,нет,нет
26_2-10.mp4,"Вино SANT ORSOLA
Пино Гриджио сортовое бел. сух.
(Италия) 0. 75L",1578.94,999.99,нет,8005415001064,-36%,нет,03.04.2026 3:08,01_025 009,Сухое,red,К,14167,2078.8,1760.1,2262.4,1921.9,8005415001064,1578.94,1499.99,,999.99,нет,,нет,,нет,нет
26_2-10.mp4,"Вино STELLA
BELLA Пино
Гриджио бел. сух.
(Италия) 0. 75L",1473.68,899.99,нет,8005890806703,-38%,270109701123,20.02.2026 19:54,01_025 009,Сухое,red,К,14167,2087.5,1467.3,2293.0,1642.1,8005890806703,1473.68,1399.99,,899.99,нет,,нет,,нет,нет
26_2-10.mp4,"Вино SANTA
CRISTINA Vermentino
Тоскана IGT ордин. сорт. бел.
сух. (Италия) 0. 75L",2299.99,1999.99,нет,8001935011569,-13%,нет,03.04.2026 3:04,01_025 009,Сухое,red,Ш,14167,2126.9,872.8,2310.5,1060.8,8001935011569,2299.99,2184.99,,1999.99,нет,,нет,,нет,нет
26_2-10.mp4,"Вино PRIMOSOLE
Пино Гриджно Терре
Сичиалиане сорт.
ординар. бел. сух
(Италия) 0. 75L",1299.99,1099.99,нет,8002153231203,-15%,270109598580,20.02.2026 19:32,01_025 009,Сухое,red,К,14167,2140.0,549.3,2328.0,754.8,8002153231203,1299.99,1234.99,,1099.99,нет,,нет,,нет,нет
26_2-10.mp4,"Вино MAXALE
Мачерато Шардоне
copт. бел. п/ cyx
(Италия) 0. 75L",2210.52,1631.99,нет,8052432832690,-26%,270109748732,нет,01_025 009,нет,red,Ш,14167,2140.0,243.3,2323.6,422.6,8052432832690,2210.52,2099.99,,1631.99,нет,,нет,,нет,нет
26_2-10.mp4,"Вино
DONNAFUGATA
Антилия Сицилия ординар. бел. сух
(Италия) 0. 75L",4210.59,2189.99,нет,4690491214428,-47%,нет,24.03.2026 20:43,01_025 009,Сухое,red,Ш,17396,2129.2,863.2,2298.4,1056.2,4690491214428,4210.59,3999.99,,2189.99,нет,,нет,,нет,нет
26_2-10.mp4,"Вино
FRESCOBALDI
Тоскана бел. сух. (Италия) 0. 75L",2105.26,1599.99,нет,4690491111550,-24%,нет,нет,01_025 009,Сухое,red,Ш,17396,2129.2,609.4,2298.4,809.1,4690491111550,2105.26,1999.99,,1599.99,нет,,нет,,нет,нет
26_2-10.mp4,"Вино PFEFFERER
Пфефферер орд
бел. п/ сух
(Италия) 0. 75L",2510.52,1899.99,нет,4690491212776,-24%,нет,нет,01_025 009,Полусухое,red,Ш,17396,2142.7,274.3,2305.2,443.5,4690491212776,2510.52,2384.99,,1899.99,нет,,нет,,нет,нет
26_2-10.mp4,"Вино BATASIOLO
Granee Гави дель
Комуне ди Гави бел. сух. (Италия) 0. 75L",2842.1,1899.99,нет,8002020005265,-33%,нет,нет,нет,Сухое,red,нет,19479,2107.3,239.8,2268.5,421.5,8002020005265,2842.1,,,1899.99,нет,,нет,,нет,нет
26_2-10.mp4,"Вино SCALA Tenuta
Sant' Ant Garg Chard
орд. ИЖТ Тревенеция бел. п/ сух. (Италия) 0. 75L",3157.89,1639.0,нет,4680114010698,-48%,нет,нет,нет,Полусухое,red,нет,26406,2056.6,1742.1,2216.8,1893.9,4680114010698,3157.89,2999.99,,1639.0,нет,,нет,,нет,нет
26_2-10.mp4,"Вино COME IL VENTO
Совиньон дель
Поджиарелло Эмилия-Романья IGT бел. п/ сух. (Италия) 0. 75L",2105.26,1699.99,нет,8003971000996,-19%,нет,нет,01_025 009,Полусухое,red,Ш,26406,2069.2,1497.6,2229.4,1683.1,8003971000996,2105.26,1999.99,,1699.99,нет,,нет,,нет,нет
26_2-10.mp4,"Вино MALAMIGO
Леди Драма ординар. бел. п/ сух.
(Испания) 0. 75L",1452.63,1199.99,нет,8436013811067,-17%,нет,26.01.2026 1:21,01_025 008,Полусухое,red,К,26406,2124.1,464.8,2288.5,667.1,8436013811067,1452.63,1379.99,,1199.99,нет,,нет,,нет,нет
26_2-10.mp4,"Вино CARE
Кариньена
Шардонне сорт. бел. сух. (Ислания) 0. 75L",2105.26,1499.99,нет,8437003701054,-28%,нет,24.02.2026 11:05,01_025 008,нет,red,К,26406,2124.1,51.7,2280.0,262.4,8437003701054,2105.26,1999.99,,1499.99,нет,,нет,,нет,нет
26_2-10.mp4,"Вино PEDRA DA AUGA
Альбариньо Риас
Байшас DO ординарное сортовое бел. сух.
(Испания) 0. 75L",2631.57,1899.99,нет,8413060005342,-27%,нет,08.10.2025 12:04,нет,Сухое,red,нет,29792,2073.9,909.4,2250.2,1090.4,8413060005342,2631.57,,,1899.99,нет,,нет,,нет,нет
26_2-10.mp4,"Вино PRIORITARIO
Виньо Верде ДОК бел. п/ сух.
(Португалия) 0. 75L",1263.15,719.99,нет,5600302596284,-43%,нет,05.03.2026 11:52,01_025 008,Полусухое,red,К,29792,2097.1,575.2,2278.1,784.1,5600302596284,1263.15,,,719.99,нет,,нет,,нет,нет
26_2-10.mp4,"Вино BIENBEBIDO
PULPO ординар.
бел. п/ сух.
(Испания) 0. 75L",2105.26,1632.99,нет,8437003857706,-22%,нет,05.01.2026 0:52,01_025 008,Полусухое,red,К,31771,2115.2,646.1,2298.3,857.1,8437003857706,2105.26,1999.99,,1632.99,нет,,нет,,нет,нет
26_2-10.mp4,"Вино GATAO бел. п/ сух.
(Португалия) 0.75L",1684.2,1223.99,нет,5601129032009,-27%,нет,01.04.2026 0:41,01_025 008,Полусухое,red,К,31771,2131.4,381.7,2316.9,590.4,5601129032009,1684.2,1599.99,,1223.99,нет,,нет,,нет,нет
26_2-10.mp4,"Вино LE GRAND
NOIR Ле Гран Нуар
Шардоне
ординарное бел.
сух. (Франция) 0. 75L",1736.84,1299.99,нет,4690491216866,-25%,нет,25.03.2026 14:45,01_025 010-025 012,Сухое,red,К,0,757.3,1807.2,987.5,2034.1,4690491216866,1736.84,1649.99,,1299.99,нет,,нет,,нет,нет
26_2-10.mp4,"Вино JARDIN DES CHARMES
SAUVIGNON ИГП Пэй
Кото де Безье бел. сух. (Франция) 0. 75L",1789.47,1429.99,нет,3760143147686,-20%,нет,26.02.2026 1:12,01_025 002-025 003,Сухое,red,К,0,727.3,1310.1,937.5,1577.0,3760143147686,1789.47,1699.99,,1429.99,нет,,нет,,нет,нет
26_2-10.mp4,"Вино ВАЛЛИ
СОВИНЬОН БЛАН
ИГП Долина Луары сорт. бел. сух.
(Франция) 0. 75L",1789.47,1584.99,нет,3507110012727,-11%,нет,26.02.2026 1:12,01_025 002-025 003,Сухое,red,К,0,734.0,999.9,940.8,1240.1,3507110012727,1789.47,1699.99,,1584.99,нет,,нет,,нет,нет
26_2-10.mp4,"Вино LES NUAGES
Совиньон Блан
Турэн сорт. бел. сух.
(Франция) 0. 75L",2315.79,1529.99,нет,3149070037381,-33%,нет,нет,01_025 010-025 012,нет,red,Ш,0,787.3,442.7,970.8,679.6,3149070037381,2315.79,2199.99,,1529.99,нет,,нет,,нет,нет
26_2-10.mp4,"Вино HENRI
BOURGEDIS
Sancerre ординарное
бел. сух. (Франция)
0. 75L",7884.29,5299.99,нет,4690491197929,-32%,нет,25.03.2026 14:45,нет,Сухое,red,нет,0,814.0,229.2,1027.5,452.7,4690491197929,7884.29,7489.99,,5299.99,нет,,нет,,нет,нет
26_2-10.mp4,"Вино CHATEAU DE LA
THEBAUDIERE Долина
Луары Мюскаде Севр э
Мэн сор Ли АОП сорт.
бел. сух. (Франция) 0. 75L",3157.89,2299.99,нет,3077052101020,-27%,нет,08.11.2025 1:36,нет,Сухое,red,нет,2067,2151.9,486.1,2385.4,763.0,3077052101020,3157.89,2999.99,,2299.99,нет,,нет,,нет,нет
26_2-10.mp4,"Вино NICOLA
BERGAGLIO Минайя Гави
ДОКГ Дель Комуне
ДиГавиРоверето сорт орд бел сух (Италия) 0. 75L",1894.79,1529.99,нет,8058340400013,-19%,нет,26.03.2026 13:06,01_025 009,Сухое,red,К,6875,878.7,1389.5,1027.4,1581.3,8058340400013,1894.79,1799.99,,1529.99,нет,,нет,,нет,нет
26_2-10.mp4,"Вино LA CHIARA
сорт. орд. Гави депь Комуне ди Гави бел. сух. (Италия) 0. 75L",2736.84,1799.99,нет,8028554100009,-34%,270103711312,05.03.2026 13:06,01_025 009,Сухое,red,Ш,6875,863.0,888.5,1035.3,1107.7,8028554100009,2736.84,2599.99,,1799.99,нет,,нет,,нет,нет
26_2-10.mp4,"Вино LE FANTAISIES DE CAPION IGP
региона Лангедок бел. сух. (Франция)
0. 75L",1789.47,1299.99,нет,3760054949706,-27%,нет,25.02.2026 10:52,01_025 002-025 003,Сухое,red,К,6875,890.4,528.3,1097.9,763.2,3760054949706,1789.47,1699.99,,1299.99,нет,,нет,,нет,нет
26_2-10.mp4,"Вино ITALO CESCON
Пино Гриджо
Фриули DOC бел. сух. (Италия) 0. 75L",3153.69,2699.99,нет,4610094285519,-14%,нет,03.04.2026 3:03,01_025 009,Сухое,red,Ш,6875,937.4,109.5,1113.5,289.5,4610094285519,3153.69,2995.99,,2699.99,нет,,нет,,нет,нет
26_2-10.mp4,"Вино SANT
ORSOLA Coaве
бел. сух.
(Италия) 0. 75L",1473.68,899.99,нет,8005415001354,-38%,нет,03.02.2026 6:23,01_025 009,Сухое,red,К,14167,977.3,1825.7,1147.7,1991.8,8005415001354,1473.68,1399.99,,899.99,нет,,нет,,нет,нет
26_2-10.mp4,Вино IL ROCCHIN Gavi бел. сух. (Италия) 0. 75L ,2105.26,1799.99,нет,8051414170089,-14%,270109678456,нет,01_025 009,Сухое,red,Ш,14167,946.7,1419.2,1104.0,1607.2,8051414170089,2105.26,1999.99,,1799.99,нет,,нет,,нет,нет
26_2-10.mp4,Вино CIELO Треббьяно Пино Гриджо бел. п/ сух. (Италия) 0. 75L,1674.79,1019.99,нет,4690491103555,-39%,270109493645,нет,01_025 009,Полусухое,red,К,14167,933.5,1095.7,1090.9,1288.0,4690491103555,1674.79,1590.99,,1019.99,нет,,нет,,нет,нет
26_2-10.mp4,Вино CIELO Гарганега э Шардоне бел. п/ сух. (Италия) 0. 75L,1674.79,1019.99,нет,4690491187968,-39%,нет,03.02.2026 2:51,01_025 009,Полусухое,red,К,14167,942.3,619.3,1108.4,798.5,4690491187968,1674.79,1590.99,,1019.99,нет,,нет,,нет,нет
26_2-10.mp4,"Вино Sante Rive
Соаве ординарное бел. сух. (Италия)
0. 75L",1674.79,1019.99,нет,4690491103586,-39%,нет,нет,01_025 009,Сухое,red,К,14167,968.5,217.1,1139.0,392.0,4690491103586,1674.79,1590.99,,1019.99,нет,,нет,,нет,нет
26_2-10.mp4,"Вино HAAS
FRANZISKUS Пино
Гриджио сортовое орд. бел. сух.
(Италия) 0. 75L",2842.19,1999.99,нет,8032880181106,-29%,нет,нет,нет,Сухое,red,нет,17396,958.0,700.8,1106.9,876.8,8032880181106,2842.19,,,1999.99,нет,,нет,,нет,нет
26_2-10.mp4,"Вино VIVALDI
Garganega Veneto
сорт. орд. бел. п/ сух. (Италия) 0. 75L",1578.94,999.99,нет,8032738680539,-36%,нет,25.03.2026 13:29,01_025 009,Полусухое,red,К,17396,998.6,182.9,1154.3,369.1,8032738680539,1578.94,1499.99,,999.99,нет,,нет,,нет,нет
26_2-10.mp4,"Вино ANNA SPINATO
Diligo Пино Гриджио
Венето DOC сортовое бел. сух.
(Италия) 0. 75L",2526.31,1689.99,нет,8011204003614,-33%,нет,26.03.2026 0:27,01_025 009,Сухое,red,Ш,17396,1008.8,17.1,1184.8,176.1,8011204003614,2526.31,2399.99,,1689.99,нет,,нет,,нет,нет
26_2-10.mp4,"Вино BRUNI
Греканико Пино
Гридко ординарное
бел. п/ сух. (Италия)
0. 75L",1442.1,999.99,нет,4690491101735,-30%,нет,нет,01_025 009,Полусухое,red,К,19479,986.0,284.4,1123.1,438.7,4690491101735,1442.1,1369.99,,999.99,нет,,нет,,нет,нет
26_2-10.mp4,"Вино TRESCA
Grillo сорт. бел. сух. (Италия) 0.
75L",1263.15,899.99,нет,8055731671021,-28%,нет,нет,нет,нет,red,нет,26406,1032.2,1712.6,1171.3,1877.0,8055731671021,1263.15,1199.99,,899.99,нет,,нет,,нет,нет
26_2-10.mp4,"Вино 4 VOLTE
Bianco бел. сух
(Италия) 0. 75L",1673.68,1326.99,нет,8002793010770,-20%,нет,нет,01_025 009,нет,red,К,26406,998.5,1480.8,1146.0,1657.8,8002793010770,1673.68,1589.99,,1326.99,нет,,нет,,нет,нет
26_2-10.mp4,"Вино ROQUETA
Origen Sl Эстасьонес
Макабео Вердехо
орд. бел. сух
(Испания) 0. 75L",1263.15,917.99,нет,8411106085327,-27%,нет,04.01.2026 15:04,01_025 008,нет,red,К,26406,969.0,987.5,1116.5,1151.9,8411106085327,1263.15,,,917.99,нет,,нет,,нет,нет
26_2-10.mp4,"Вино VINA
ESMERALDA
бел. п/ сух.
(Испания) 0. 75L",1578.94,1099.99,нет,8410113001122,-30%,нет,03.04.2026 2:57,01_025 008,Сухое,red,К,26406,969.0,506.9,1120.7,679.8,8410113001122,1578.94,1499.99,,1099.99,нет,,нет,,нет,нет
26_2-10.mp4,"Вино FAUSTINO
RIVERO ULECIA
Chardonnay орд. сорт. бел. сух. (Испания)
0. 75L",1368.42,1159.99,нет,8412176000715,-15%,нет,нет,01_025 008,Сухое,red,К,26406,977.4,89.6,1141.8,270.9,8412176000715,1368.42,1299.99,,1159.99,нет,,нет,,нет,нет
26_2-10.mp4,"Вино FAUSTINO
RIVERO ULECIA
Macabeo орд. сорт. бел. сух. (Испания)
0. 75L",1368.42,1159.99,нет,8412176000289,-15%,нет,26.02.2026 1:12,01_025 008,Сухое,red,К,29792,930.2,819.0,1081.1,1004.8,8412176000289,1368.42,1299.99,,1159.99,нет,,нет,,нет,нет
26_2-10.mp4,"Вино PIEDRA DEL
MAR Риас Байшас
DO ординарное сортовое бел. сух.
(Испания) 0. 75L",3157.89,1949.0,нет,4680114015273,-38%,нет,нет,нет,Сухое,red,нет,29792,937.2,368.5,1097.4,540.3,4680114015273,3157.89,2999.99,,1949.0,нет,,нет,,нет,нет
26_2-10.mp4,"Вино VEGA SINDOA
Шардоне Нексас
сорт. орд. Наварра бел. сух. (Испания)
0. 75L",1578.94,1325.99,нет,8425778060001,-16%,нет,04.01.2026 15:04,01_025 008,Сухое,red,К,31771,937.3,356.2,1104.2,544.0,8425778060001,1578.94,1499.99,,1325.99,нет,,нет,,нет,нет
26_2-10.mp4,"Вино TREVO Branco
Винью Верде ордин. бел. сух.
(Португалия) 0. 75L",1684.2,1325.99,нет,5604242005868,-21%,нет,04.01.2026 15:04,01_025 008,Сухое,red,К,31771,967.4,117.4,1127.4,302.9,5604242005868,1684.2,1599.99,,1325.99,нет,,нет,,нет,нет
